Series Name,Series Code,Country Name,Country Code,1990 [YR1990],2000 [YR2000],2009 [YR2009],2010 [YR2010],2011 [YR2011],2012 [YR2012],2013 [YR2013],2014 [YR2014],2015 [YR2015],2016 [YR2016],2017 [YR2017],2018 [YR2018]
CO2 emissions (metric tons per capita),EN.ATM.CO2E.PC,Afghanistan,AFG,0.213449805,0.03850634,0.241722682,0.293836994,0.412016938,0.350370581,0.315601773,0.299444991,..,..,..,..
CO2 emissions (metric tons per capita),EN.ATM.CO2E.PC,Albania,ALB,1.678106654,0.978174681,1.495600199,1.578573584,1.803714725,1.692908325,1.749211079,1.978763312,..,..,..,..
CO2 emissions (metric tons per capita),EN.ATM.CO2E.PC,Algeria,DZA,2.970409071,2.817543547,3.423011434,3.299703688,3.291376176,3.46026581,3.507310029,3.717409901,..,..,..,..
CO2 emissions (metric tons per capita),EN.ATM.CO2E.PC,American Samoa,ASM,..,..,..,..,..,..,..,..,..,..,..,..
CO2 emissions (metric tons per capita),EN.ATM.CO2E.PC,Andorra,AND,7.467335669,8.019284294,6.121652341,6.122594702,5.867129945,5.916596911,5.900752587,5.832169951,..,..,..,..
CO2 emissions (metric tons per capita),EN.ATM.CO2E.PC,Angola,AGO,0.420284254,0.580352661,1.232494515,1.243405585,1.252789255,1.330843018,1.254617218,1.291328315,..,..,..,..
CO2 emissions (metric tons per capita),EN.ATM.CO2E.PC,Antigua and Barbuda,ATG,4.23352225,4.123971095,5.446757355,5.539567509,5.363407474,5.418446532,5.360453467,5.377648546,..,..,..,..
CO2 emissions (metric tons per capita),EN.ATM.CO2E.PC,Argentina,ARG,3.426481983,3.835573665,4.410889894,4.558499612,4.600290699,4.569383676,4.462903755,4.746797455,..,..,..,..
CO2 emissions (metric tons per capita),EN.ATM.CO2E.PC,Armenia,ARM,..,1.128918604,1.509411878,1.465621895,1.710070765,1.976060074,1.899711734,1.90275891,..,..,..,..
CO2 emissions (metric tons per capita),EN.ATM.CO2E.PC,Aruba,ABW,26.37450321,26.19487524,25.91583295,24.67052887,24.5058352,13.15554169,8.351294252,8.408362638,..,..,..,..
CO2 emissions (metric tons per capita),EN.ATM.CO2E.PC,Australia,AUS,15.45288167,17.20060983,18.20018196,17.74084505,17.53887776,17.07290468,16.09583317,15.38876602,..,..,..,..
CO2 emissions (metric tons per capita),EN.ATM.CO2E.PC,Austria,AUT,7.513246156,7.774259739,7.518751102,8.071131802,7.748134305,7.387077163,7.368748145,6.86986793,..,..,..,..
CO2 emissions (metric tons per capita),EN.ATM.CO2E.PC,Azerbaijan,AZE,..,3.666271029,3.565668218,3.388225879,3.646179877,3.82487717,3.785068836,3.931560609,..,..,..,..
CO2 emissions (metric tons per capita),EN.ATM.CO2E.PC,"Bahamas, The",BHS,7.6104956,5.60101044,4.629528598,4.583343495,5.091832893,5.292937031,7.426540134,6.323257512,..,..,..,..
CO2 emissions (metric tons per capita),EN.ATM.CO2E.PC,Bahrain,BHR,25.05885496,28.05091075,23.81170841,23.5854809,22.41333475,20.51485098,23.80435697,23.44975483,..,..,..,..
CO2 emissions (metric tons per capita),EN.ATM.CO2E.PC,Bangladesh,BGD,0.146281294,0.211802225,0.357158767,0.393936699,0.412011186,0.433487963,0.442400828,0.459141965,..,..,..,..
CO2 emissions (metric tons per capita),EN.ATM.CO2E.PC,Barbados,BRB,4.126491124,4.402894974,5.807257514,5.285997375,5.449513722,5.222107001,5.127146392,4.490177673,..,..,..,..
CO2 emissions (metric tons per capita),EN.ATM.CO2E.PC,Belarus,BLR,..,5.389745291,6.439684267,6.64269666,6.762517349,6.67999159,6.736652251,6.701957705,..,..,..,..
CO2 emissions (metric tons per capita),EN.ATM.CO2E.PC,Belgium,BEL,10.63967167,11.2296677,9.249615685,10.17146522,9.054330011,8.56287875,8.689543091,8.328159898,..,..,..,..
CO2 emissions (metric tons per capita),EN.ATM.CO2E.PC,Belize,BLZ,1.66191243,1.601342418,1.868957631,1.676105694,1.82686092,1.415825911,1.491598897,1.407601494,..,..,..,..
CO2 emissions (metric tons per capita),EN.ATM.CO2E.PC,Benin,BEN,0.142157591,0.232860969,0.521063185,0.553283259,0.559693354,0.562347006,0.580960914,0.614213852,..,..,..,..
CO2 emissions (metric tons per capita),EN.ATM.CO2E.PC,Bermuda,BMU,8.468108418,8.36199117,7.262934975,9.347122413,6.872359209,7.356862866,7.051814587,8.838314988,..,..,..,..
CO2 emissions (metric tons per capita),EN.ATM.CO2E.PC,Bhutan,BTN,0.238879169,0.690660881,0.544051575,0.67026322,0.990398509,1.086025018,1.203220818,1.289321371,..,..,..,..
CO2 emissions (metric tons per capita),EN.ATM.CO2E.PC,Bolivia,BOL,0.839700279,1.327056787,1.433545061,1.532870644,1.602029322,1.835469055,1.818997383,1.932419499,..,..,..,..
CO2 emissions (metric tons per capita),EN.ATM.CO2E.PC,Bosnia and Herzegovina,BIH,..,3.66047151,5.526103005,5.716134832,6.475389585,6.101280083,6.080813337,6.234719162,..,..,..,..
CO2 emissions (metric tons per capita),EN.ATM.CO2E.PC,Botswana,BWA,1.9613582,2.187461379,1.900285977,2.325924404,2.036091061,2.025409285,2.456718254,3.243287637,..,..,..,..
CO2 emissions (metric tons per capita),EN.ATM.CO2E.PC,Brazil,BRA,1.398620609,1.871118313,1.883811784,2.132937571,2.211587235,2.343570115,2.488417184,2.594388285,..,..,..,..
CO2 emissions (metric tons per capita),EN.ATM.CO2E.PC,British Virgin Islands,VGB,4.009841443,4.973407605,6.239460052,6.330774317,6.30859109,6.1740503,6.057819383,6.072833581,..,..,..,..
CO2 emissions (metric tons per capita),EN.ATM.CO2E.PC,Brunei Darussalam,BRN,23.93323802,14.14020184,20.48624704,21.10594553,24.60717794,24.18076388,19.23359197,22.12470124,..,..,..,..
CO2 emissions (metric tons per capita),EN.ATM.CO2E.PC,Bulgaria,BGR,8.54301079,5.328034342,5.731193724,5.964900206,6.71538056,6.119456526,5.450695963,5.871615869,..,..,..,..
CO2 emissions (metric tons per capita),EN.ATM.CO2E.PC,Burkina Faso,BFA,0.066173051,0.089716851,0.127633338,0.125717252,0.137496219,0.158663009,0.179132409,0.162018806,..,..,..,..
CO2 emissions (metric tons per capita),EN.ATM.CO2E.PC,Burundi,BDI,0.038597042,0.042395011,0.022462399,0.024260032,0.02676196,0.030296973,0.03017577,0.044485376,..,..,..,..
CO2 emissions (metric tons per capita),EN.ATM.CO2E.PC,Cabo Verde,CPV,0.278873182,0.497272909,1.055171109,1.109478009,1.212548739,0.984565517,0.958866077,0.933403237,..,..,..,..
CO2 emissions (metric tons per capita),EN.ATM.CO2E.PC,Cambodia,KHM,0.140577279,0.162644456,0.330259355,0.350330567,0.358177248,0.369259354,0.372980821,0.437759998,..,..,..,..
CO2 emissions (metric tons per capita),EN.ATM.CO2E.PC,Cameroon,CMR,0.148054522,0.224712545,0.346083304,0.33951502,0.281094803,0.290648216,0.312755732,0.314928068,..,..,..,..
CO2 emissions (metric tons per capita),EN.ATM.CO2E.PC,Canada,CAN,15.65907038,17.36711469,15.96156016,15.723167,15.63975962,14.89063564,14.71197182,15.11715878,..,..,..,..
CO2 emissions (metric tons per capita),EN.ATM.CO2E.PC,Cayman Islands,CYM,9.970251899,11.17156428,10.2688701,10.04168844,10.36992524,9.307268397,9.172054616,9.171838032,..,..,..,..
CO2 emissions (metric tons per capita),EN.ATM.CO2E.PC,Central African Republic,CAF,0.067358102,0.07128948,0.057449997,0.059350908,0.0622615,0.06533025,0.06601109,0.066593111,..,..,..,..
CO2 emissions (metric tons per capita),EN.ATM.CO2E.PC,Chad,TCD,0.024008122,0.021098562,0.042718173,0.043496106,0.043865596,0.048200118,0.053328683,0.053777688,..,..,..,..
CO2 emissions (metric tons per capita),EN.ATM.CO2E.PC,Channel Islands,CHI,..,..,..,..,..,..,..,..,..,..,..,..
CO2 emissions (metric tons per capita),EN.ATM.CO2E.PC,Chile,CHL,2.515810521,3.853499375,3.969555616,4.251715171,4.619729537,4.677982797,4.76586599,4.687376624,..,..,..,..
CO2 emissions (metric tons per capita),EN.ATM.CO2E.PC,China,CHN,2.151570906,2.696862433,6.010102433,6.560520007,7.241515419,7.424750916,7.557211045,7.543907641,..,..,..,..
CO2 emissions (metric tons per capita),EN.ATM.CO2E.PC,Colombia,COL,1.673025787,1.433620241,1.599905659,1.658923082,1.64912349,1.705398582,1.893103161,1.759537174,..,..,..,..
CO2 emissions (metric tons per capita),EN.ATM.CO2E.PC,Comoros,COM,0.151457504,0.189314418,0.196081111,0.233942107,0.192025124,0.197567789,0.237378287,0.202814119,..,..,..,..
CO2 emissions (metric tons per capita),EN.ATM.CO2E.PC,"Congo, Dem. Rep.",COD,0.117591197,0.017292618,0.028027156,0.031314551,0.037377088,0.034820686,0.050339213,0.063369191,..,..,..,..
CO2 emissions (metric tons per capita),EN.ATM.CO2E.PC,"Congo, Rep.",COG,0.486838326,0.325124228,0.410345599,0.451406105,0.50055554,0.641061363,0.649833428,0.635369293,..,..,..,..
CO2 emissions (metric tons per capita),EN.ATM.CO2E.PC,Costa Rica,CRI,0.954653351,1.394703986,1.760677795,1.665175303,1.682660743,1.668780062,1.614402173,1.630951062,..,..,..,..
CO2 emissions (metric tons per capita),EN.ATM.CO2E.PC,Cote d'Ivoire,CIV,0.410408539,0.406991231,0.283812055,0.341512032,0.346951476,0.434007998,0.486455715,0.490206046,..,..,..,..
CO2 emissions (metric tons per capita),EN.ATM.CO2E.PC,Croatia,HRV,..,4.328211925,4.916384236,4.696195978,4.627629816,4.21645564,4.123953137,3.973804906,..,..,..,..
CO2 emissions (metric tons per capita),EN.ATM.CO2E.PC,Cuba,CUB,3.150989961,2.339161379,2.641408453,3.386127443,3.169444662,3.176608348,3.049362141,3.045210624,..,..,..,..
CO2 emissions (metric tons per capita),EN.ATM.CO2E.PC,Curacao,CUW,..,..,..,..,..,39.44566304,33.89940321,37.72628905,..,..,..,..
CO2 emissions (metric tons per capita),EN.ATM.CO2E.PC,Cyprus,CYP,5.706562886,7.347326262,7.386924038,6.927903563,6.60156823,6.096256416,5.199663256,5.260352041,..,..,..,..
CO2 emissions (metric tons per capita),EN.ATM.CO2E.PC,Czech Republic,CZE,..,12.07688904,10.30832179,10.65257862,10.18548225,9.611985879,9.384891603,9.165978376,..,..,..,..
CO2 emissions (metric tons per capita),EN.ATM.CO2E.PC,Denmark,DNK,9.770698699,9.613175554,8.058895601,8.40721667,7.296383208,6.514800847,6.862565032,5.935712482,..,..,..,..
CO2 emissions (metric tons per capita),EN.ATM.CO2E.PC,Djibouti,DJI,0.546573667,0.475248891,0.552127049,0.607471574,0.546278771,0.586763279,0.678855968,0.791961752,..,..,..,..
CO2 emissions (metric tons per capita),EN.ATM.CO2E.PC,Dominica,DMA,0.827228379,1.473620759,1.853346249,1.950531915,1.789578627,1.883279662,1.823370166,1.864285911,..,..,..,..
CO2 emissions (metric tons per capita),EN.ATM.CO2E.PC,Dominican Republic,DOM,1.284840277,2.311301258,2.070810108,2.123958664,2.117090045,2.178544552,2.085432517,2.069986634,..,..,..,..
CO2 emissions (metric tons per capita),EN.ATM.CO2E.PC,Ecuador,ECU,1.646869557,1.640605971,2.455104271,2.441361756,2.543911176,2.473495016,2.617689044,2.761702175,..,..,..,..
CO2 emissions (metric tons per capita),EN.ATM.CO2E.PC,"Egypt, Arab Rep.",EGY,1.322777217,2.021660576,2.50693511,2.41019138,2.528167325,2.471928185,2.376329652,2.198980246,..,..,..,..
CO2 emissions (metric tons per capita),EN.ATM.CO2E.PC,El Salvador,SLV,0.478002407,0.978678941,1.049801084,1.047522915,1.073590082,1.070997514,0.996713369,1.000644623,..,..,..,..
CO2 emissions (metric tons per capita),EN.ATM.CO2E.PC,Equatorial Guinea,GNQ,0.154636567,0.740177399,5.08234968,4.919642857,6.162746281,4.925379817,4.764156915,4.733816529,..,..,..,..
CO2 emissions (metric tons per capita),EN.ATM.CO2E.PC,Eritrea,ERI,..,0.179415769,0.119104459,0.11692068,0.132758694,..,..,..,..,..,..,..
CO2 emissions (metric tons per capita),EN.ATM.CO2E.PC,Estonia,EST,..,10.63625164,10.91432018,13.59968907,14.01673297,13.32400037,15.09371797,14.84881917,..,..,..,..
CO2 emissions (metric tons per capita),EN.ATM.CO2E.PC,Eswatini,SWZ,0.493830199,1.11930647,0.885167383,0.862756819,0.855951971,0.96657875,0.85657624,0.928714992,..,..,..,..
CO2 emissions (metric tons per capita),EN.ATM.CO2E.PC,Ethiopia,ETH,0.06276065,0.053348338,0.077619139,0.07509386,0.085803968,0.092622864,0.112072453,0.119124015,..,..,..,..
CO2 emissions (metric tons per capita),EN.ATM.CO2E.PC,Faroe Islands,FRO,14.94722024,14.58792162,11.86633551,12.99122554,11.6932398,12.13140591,13.91665128,12.23784857,..,..,..,..
CO2 emissions (metric tons per capita),EN.ATM.CO2E.PC,Fiji,FJI,1.117269718,1.039677129,0.929697981,1.419979069,1.25604496,1.213104227,1.30887617,1.320574708,..,..,..,..
CO2 emissions (metric tons per capita),EN.ATM.CO2E.PC,Finland,FIN,10.37716896,10.12847414,9.955194272,11.57528165,10.54447474,9.075433356,8.681780123,8.660721243,..,..,..,..
CO2 emissions (metric tons per capita),EN.ATM.CO2E.PC,France,FRA,6.420670907,5.946665463,5.438356727,5.428980862,5.077911491,5.075063887,5.062174035,4.573182147,..,..,..,..
CO2 emissions (metric tons per capita),EN.ATM.CO2E.PC,French Polynesia,PYF,2.19973787,2.395641032,3.1895241,3.203935479,3.084790045,2.996190694,3.003012489,2.915134817,..,..,..,..
CO2 emissions (metric tons per capita),EN.ATM.CO2E.PC,Gabon,GAB,4.725217704,3.812587217,2.678457404,2.933224404,2.929968222,2.905518332,2.90571962,2.768265721,..,..,..,..
CO2 emissions (metric tons per capita),EN.ATM.CO2E.PC,"Gambia, The",GMB,0.191987854,0.199448144,0.232603869,0.255713888,0.25617469,0.252317681,0.232722215,0.267684889,..,..,..,..
CO2 emissions (metric tons per capita),EN.ATM.CO2E.PC,Georgia,GEO,..,1.11256641,1.636221401,1.667568685,2.122236979,2.263802424,2.113793109,2.416460496,..,..,..,..
CO2 emissions (metric tons per capita),EN.ATM.CO2E.PC,Germany,DEU,..,10.09563988,8.818595562,9.279634012,9.12485921,9.199299757,9.39062342,8.889370395,..,..,..,..
CO2 emissions (metric tons per capita),EN.ATM.CO2E.PC,Ghana,GHA,0.260957011,0.332065264,0.322460195,0.406162808,0.391342522,0.4615626,0.554930149,0.536533378,..,..,..,..
CO2 emissions (metric tons per capita),EN.ATM.CO2E.PC,Gibraltar,GIB,4.9037512,10.7022771,14.01996602,14.03202868,13.50220027,13.74184338,14.52448937,15.51348493,..,..,..,..
CO2 emissions (metric tons per capita),EN.ATM.CO2E.PC,Greece,GRC,7.284521642,8.47843382,8.277892345,7.540183868,7.189762915,7.247007359,6.33661459,6.180337268,..,..,..,..
CO2 emissions (metric tons per capita),EN.ATM.CO2E.PC,Greenland,GRL,9.958938849,9.461120996,10.2217389,11.66377295,12.44034101,10.00501672,9.803250536,8.989181988,..,..,..,..
CO2 emissions (metric tons per capita),EN.ATM.CO2E.PC,Grenada,GRD,1.104483658,1.876460111,2.426008668,2.487241705,2.408022841,2.572577052,2.873797317,2.275498308,..,..,..,..
CO2 emissions (metric tons per capita),EN.ATM.CO2E.PC,Guam,GUM,..,..,..,..,..,..,..,..,..,..,..,..
CO2 emissions (metric tons per capita),EN.ATM.CO2E.PC,Guatemala,GTM,0.549031916,0.851067438,0.827854974,0.797292859,0.791834915,0.784016181,0.87418049,1.150977994,..,..,..,..
CO2 emissions (metric tons per capita),EN.ATM.CO2E.PC,Guinea,GIN,0.166320537,0.186502517,0.214326136,0.2412015,0.251884294,0.22883261,0.199296674,0.207492621,..,..,..,..
CO2 emissions (metric tons per capita),EN.ATM.CO2E.PC,Guinea-Bissau,GNB,0.170258229,0.117983091,0.154659665,0.153196262,0.153925624,0.154457589,0.152655821,0.157241167,..,..,..,..
CO2 emissions (metric tons per capita),EN.ATM.CO2E.PC,Guyana,GUY,1.524403714,2.137011633,2.099803807,2.303675813,2.379070885,2.648880414,2.554048974,2.632347952,..,..,..,..
CO2 emissions (metric tons per capita),EN.ATM.CO2E.PC,Haiti,HTI,0.139971058,0.159990525,0.230376834,0.212694146,0.218681438,0.224883835,0.23059851,0.270538586,..,..,..,..
CO2 emissions (metric tons per capita),EN.ATM.CO2E.PC,Honduras,HND,0.523188172,0.771138223,0.979841745,0.973269197,1.072227358,1.05625722,1.047014219,1.07522179,..,..,..,..
CO2 emissions (metric tons per capita),EN.ATM.CO2E.PC,"Hong Kong SAR, China",HKG,4.791623806,6.067468267,6.044701985,5.791126534,6.193079501,6.073287646,6.269078968,6.393600526,..,..,..,..
CO2 emissions (metric tons per capita),EN.ATM.CO2E.PC,Hungary,HUN,6.713650623,5.467296695,4.840111448,5.022311649,4.797900003,4.494128944,4.259659831,4.265574976,..,..,..,..
CO2 emissions (metric tons per capita),EN.ATM.CO2E.PC,Iceland,ISL,7.842665191,7.693782116,6.447492771,6.168528586,5.896828979,5.613991818,5.866946294,6.059657407,..,..,..,..
CO2 emissions (metric tons per capita),EN.ATM.CO2E.PC,India,IND,0.7115628,0.979870442,1.431844254,1.397008906,1.47668635,1.598098637,1.591437853,1.730000432,..,..,..,..
CO2 emissions (metric tons per capita),EN.ATM.CO2E.PC,Indonesia,IDN,0.824341653,1.245241613,1.865165403,1.767907879,2.456844744,2.559750233,1.945094474,1.819363319,..,..,..,..
CO2 emissions (metric tons per capita),EN.ATM.CO2E.PC,"Iran, Islamic Rep.",IRN,3.743163403,5.628712148,7.522002539,7.684728662,7.802934624,8.001696245,8.003808763,8.283020787,..,..,..,..
CO2 emissions (metric tons per capita),EN.ATM.CO2E.PC,Iraq,IRQ,2.730149885,3.074219493,3.497152936,3.647128775,4.235645492,4.659523902,4.884622664,4.811839686,..,..,..,..
CO2 emissions (metric tons per capita),EN.ATM.CO2E.PC,Ireland,IRL,8.883722816,10.83474264,8.889010942,8.783613934,7.77982216,7.738155591,7.538110297,7.313939808,..,..,..,..
CO2 emissions (metric tons per capita),EN.ATM.CO2E.PC,Isle of Man,IMN,..,..,..,..,..,..,..,..,..,..,..,..
CO2 emissions (metric tons per capita),EN.ATM.CO2E.PC,Israel,ISR,7.788833906,9.581779456,8.612472881,9.035223254,8.901888279,9.547967764,8.321785471,7.863181348,..,..,..,..
CO2 emissions (metric tons per capita),EN.ATM.CO2E.PC,Italy,ITA,7.361704582,7.912673166,6.795651486,6.83837457,6.702557614,6.205413858,5.732941879,5.270866786,..,..,..,..
CO2 emissions (metric tons per capita),EN.ATM.CO2E.PC,Jamaica,JAM,3.106957969,3.879738293,2.760631465,2.590268386,2.777310635,2.626668783,2.837874022,2.59321537,..,..,..,..
CO2 emissions (metric tons per capita),EN.ATM.CO2E.PC,Japan,JPN,8.873292835,9.622351624,8.620816388,9.148316038,9.317426666,9.63862829,9.780815065,9.538706103,..,..,..,..
CO2 emissions (metric tons per capita),EN.ATM.CO2E.PC,Jordan,JOR,2.921791718,3.03886889,3.209444026,2.948961557,2.860523571,3.058367062,2.898831801,3.002514727,..,..,..,..
CO2 emissions (metric tons per capita),EN.ATM.CO2E.PC,Kazakhstan,KAZ,..,7.934854181,13.25676292,15.22798733,15.64629686,14.46941789,15.42931652,14.36316974,..,..,..,..
CO2 emissions (metric tons per capita),EN.ATM.CO2E.PC,Kenya,KEN,0.248827871,0.331249189,0.306941208,0.294423102,0.316754325,0.286745421,0.297438082,0.310415314,..,..,..,..
CO2 emissions (metric tons per capita),EN.ATM.CO2E.PC,Kiribati,KIR,0.303844667,0.34755823,0.401091799,0.607284807,0.595656245,0.584722313,0.574367715,0.564368357,..,..,..,..
CO2 emissions (metric tons per capita),EN.ATM.CO2E.PC,"Korea, Dem. Peopleâ€™s Rep.",PRK,..,3.038151299,2.889167205,2.702279506,1.942943694,1.973809403,1.441206059,1.613596841,..,..,..,..
CO2 emissions (metric tons per capita),EN.ATM.CO2E.PC,"Korea, Rep.",KOR,5.760374252,9.52093176,10.32010949,11.43631663,11.80296873,11.63282456,11.74920084,11.57034541,..,..,..,..
CO2 emissions (metric tons per capita),EN.ATM.CO2E.PC,Kosovo,XKX,..,..,..,..,..,..,..,..,..,..,..,..
CO2 emissions (metric tons per capita),EN.ATM.CO2E.PC,Kuwait,KWT,24.2904704,26.11748729,30.97049493,29.89415136,28.52652872,30.13791232,27.33039211,25.22386443,..,..,..,..
CO2 emissions (metric tons per capita),EN.ATM.CO2E.PC,Kyrgyz Republic,KGZ,..,0.946245305,1.261546635,1.171873015,1.388440866,1.806948388,1.720789566,1.646395339,..,..,..,..
CO2 emissions (metric tons per capita),EN.ATM.CO2E.PC,Lao PDR,LAO,0.049944205,0.176149081,0.204449551,0.262420284,0.256490777,0.264657252,0.242789462,0.297200884,..,..,..,..
CO2 emissions (metric tons per capita),EN.ATM.CO2E.PC,Latvia,LVA,..,2.682622965,3.376490018,3.849593455,3.541113332,3.471747548,3.518240904,3.498192882,..,..,..,..
CO2 emissions (metric tons per capita),EN.ATM.CO2E.PC,Lebanon,LBN,3.038857336,4.712723692,4.989669044,4.622282052,4.455511197,4.603511835,4.279937348,4.295732552,..,..,..,..
CO2 emissions (metric tons per capita),EN.ATM.CO2E.PC,Lesotho,LSO,0.919071685,0.99097554,1.098714893,1.115976518,1.129856804,1.151021471,1.149963563,1.150111032,..,..,..,..
CO2 emissions (metric tons per capita),EN.ATM.CO2E.PC,Liberia,LBR,0.225555876,0.1461958,0.13565347,0.200619788,0.218929838,0.245544549,0.223290253,0.212967664,..,..,..,..
CO2 emissions (metric tons per capita),EN.ATM.CO2E.PC,Libya,LBY,8.290020355,8.796827186,9.472052766,10.04374986,6.410366124,8.499773485,9.081136287,9.186845393,..,..,..,..
CO2 emissions (metric tons per capita),EN.ATM.CO2E.PC,Liechtenstein,LIE,..,..,1.435385562,1.527789351,1.314554379,1.304446573,1.393766629,1.185229079,..,..,..,..
CO2 emissions (metric tons per capita),EN.ATM.CO2E.PC,Lithuania,LTU,..,3.475729068,3.958100057,4.348616303,4.553301311,4.629509672,4.273657237,4.378090123,..,..,..,..
CO2 emissions (metric tons per capita),EN.ATM.CO2E.PC,Luxembourg,LUX,26.19765877,18.88551226,20.87712517,21.6351358,21.10296963,20.08421949,18.49831971,17.36212137,..,..,..,..
CO2 emissions (metric tons per capita),EN.ATM.CO2E.PC,"Macao SAR, China",MAC,3.006655327,3.812838948,3.944039078,2.622363675,2.636261714,2.333713164,2.05052089,2.17984276,..,..,..,..
CO2 emissions (metric tons per capita),EN.ATM.CO2E.PC,Madagascar,MDG,0.081884908,0.118846962,0.086107763,0.09257807,0.107595267,0.121103401,0.135748886,0.130421321,..,..,..,..
CO2 emissions (metric tons per capita),EN.ATM.CO2E.PC,Malawi,MWI,0.079265038,0.076394678,0.064295725,0.075433298,0.075556876,0.06811283,0.073883522,0.07476291,..,..,..,..
CO2 emissions (metric tons per capita),EN.ATM.CO2E.PC,Malaysia,MYS,3.137365778,5.422937194,7.20424991,7.771554746,7.697015882,7.497558969,7.961513999,8.032991579,..,..,..,..
CO2 emissions (metric tons per capita),EN.ATM.CO2E.PC,Maldives,MDV,0.772121049,1.608654559,2.492932319,2.56531353,2.629542746,2.876986973,2.749809385,3.26955985,..,..,..,..
CO2 emissions (metric tons per capita),EN.ATM.CO2E.PC,Mali,MLI,0.049816377,0.074893437,0.055231208,0.063974498,0.067247651,0.062083931,0.062311648,0.083228663,..,..,..,..
CO2 emissions (metric tons per capita),EN.ATM.CO2E.PC,Malta,MLT,6.098379309,5.292462963,5.814186003,6.174949579,6.104795468,6.38190073,5.49231748,5.400613957,..,..,..,..
CO2 emissions (metric tons per capita),EN.ATM.CO2E.PC,Marshall Islands,MHL,1.007886169,1.476389501,1.962461774,1.958531235,1.954169997,1.949680041,1.944879056,1.941018564,..,..,..,..
CO2 emissions (metric tons per capita),EN.ATM.CO2E.PC,Mauritania,MRT,0.446151004,0.433106133,0.605538678,0.61971003,0.644099587,0.693144214,0.676497971,0.666822428,..,..,..,..
CO2 emissions (metric tons per capita),EN.ATM.CO2E.PC,Mauritius,MUS,1.381911171,2.267789393,2.97492202,3.132082534,3.129998786,3.15928885,3.233909584,3.353110472,..,..,..,..
CO2 emissions (metric tons per capita),EN.ATM.CO2E.PC,Mexico,MEX,3.730500739,3.916478182,4.120600766,3.957657664,4.067755192,4.107686314,4.001602493,3.866241113,..,..,..,..
CO2 emissions (metric tons per capita),EN.ATM.CO2E.PC,"Micronesia, Fed. Sts.",FSM,..,1.160529451,1.552020008,1.097098904,1.169550006,1.310870216,1.379076585,1.445435754,..,..,..,..
CO2 emissions (metric tons per capita),EN.ATM.CO2E.PC,Moldova,MDA,..,0.965214233,1.276290637,1.384630177,1.415302757,1.383552384,1.404532331,1.386829142,..,..,..,..
CO2 emissions (metric tons per capita),EN.ATM.CO2E.PC,Monaco,MCO,..,..,..,..,..,..,..,..,..,..,..,..
CO2 emissions (metric tons per capita),EN.ATM.CO2E.PC,Mongolia,MNG,4.573372189,3.130990358,4.9103343,5.094989402,7.785441402,9.319217433,13.50693996,7.127326348,..,..,..,..
CO2 emissions (metric tons per capita),EN.ATM.CO2E.PC,Montenegro,MNE,..,..,2.953556075,4.167664361,4.145547583,3.763898221,3.61855388,3.55607179,..,..,..,..
CO2 emissions (metric tons per capita),EN.ATM.CO2E.PC,Morocco,MAR,0.946260352,1.175234919,1.640583713,1.726598065,1.755558226,1.881915344,1.746728972,1.744379974,..,..,..,..
CO2 emissions (metric tons per capita),EN.ATM.CO2E.PC,Mozambique,MOZ,0.077228269,0.074688918,0.107559226,0.112940682,0.129247057,0.121535416,0.152038112,0.309666607,..,..,..,..
CO2 emissions (metric tons per capita),EN.ATM.CO2E.PC,Myanmar,MMR,0.105245303,0.218848376,0.205437515,0.249531401,0.282824446,0.217129435,0.249963458,0.416600362,..,..,..,..
CO2 emissions (metric tons per capita),EN.ATM.CO2E.PC,Namibia,NAM,0.02851292,0.864978252,1.436229083,1.427537652,1.277711305,1.495026357,1.134995165,1.583728667,..,..,..,..
CO2 emissions (metric tons per capita),EN.ATM.CO2E.PC,Nauru,NRU,13.61856909,8.403008867,4.056008044,4.389426434,4.010838222,3.924214418,4.066537289,4.021851008,..,..,..,..
CO2 emissions (metric tons per capita),EN.ATM.CO2E.PC,Nepal,NPL,0.033835259,0.129282276,0.162087331,0.187128275,0.202491061,0.211798007,0.237169787,0.283538526,..,..,..,..
CO2 emissions (metric tons per capita),EN.ATM.CO2E.PC,Netherlands,NLD,10.59447501,10.89472628,10.42752306,11.01707086,10.4335386,10.16475883,10.31006279,9.920138075,..,..,..,..
CO2 emissions (metric tons per capita),EN.ATM.CO2E.PC,New Caledonia,NCL,9.269474953,10.47321202,12.09163245,14.18347147,14.34505603,14.01671815,16.09223971,16.00593173,..,..,..,..
CO2 emissions (metric tons per capita),EN.ATM.CO2E.PC,New Zealand,NZL,7.071237612,8.549394199,7.527296054,7.305005861,7.185948221,7.747276831,7.531957408,7.686575825,..,..,..,..
CO2 emissions (metric tons per capita),EN.ATM.CO2E.PC,Nicaragua,NIC,0.614917368,0.748457268,0.793378229,0.790571277,0.840380212,0.786172383,0.765378513,0.808520856,..,..,..,..
CO2 emissions (metric tons per capita),EN.ATM.CO2E.PC,Niger,NER,0.091527858,0.061369828,0.061217486,0.0714398,0.077789764,0.105264016,0.105275363,0.111073516,..,..,..,..
CO2 emissions (metric tons per capita),EN.ATM.CO2E.PC,Nigeria,NGA,0.411426136,0.621626466,0.49698548,0.57711138,0.587523023,0.588789917,0.571126416,0.545622113,..,..,..,..
CO2 emissions (metric tons per capita),EN.ATM.CO2E.PC,North Macedonia,MKD,..,5.928994176,4.20383424,4.154450175,4.535127435,4.322883016,3.780523467,3.614938183,..,..,..,..
CO2 emissions (metric tons per capita),EN.ATM.CO2E.PC,Northern Mariana Islands,MNP,..,..,..,..,..,..,..,..,..,..,..,..
CO2 emissions (metric tons per capita),EN.ATM.CO2E.PC,Norway,NOR,7.429148081,8.834015703,11.46182886,12.2934545,9.124767216,9.940980235,11.45011884,9.270945132,..,..,..,..
CO2 emissions (metric tons per capita),EN.ATM.CO2E.PC,Oman,OMN,6.283128973,9.654208063,14.25745055,15.59053119,16.68986874,17.07526401,16.53740003,15.44316719,..,..,..,..
CO2 emissions (metric tons per capita),EN.ATM.CO2E.PC,Pakistan,PAK,0.636761224,0.768458119,0.950832112,0.946268168,0.929801105,0.918978434,0.904315983,0.896264105,..,..,..,..
CO2 emissions (metric tons per capita),EN.ATM.CO2E.PC,Palau,PLW,15.55461294,13.00422425,12.07791761,12.36067416,12.28326618,12.18918008,12.27007648,12.34270409,..,..,..,..
CO2 emissions (metric tons per capita),EN.ATM.CO2E.PC,Panama,PAN,1.120426919,1.910735965,2.402400133,2.515310074,2.723708675,2.680559818,2.792431187,2.254311363,..,..,..,..
CO2 emissions (metric tons per capita),EN.ATM.CO2E.PC,Papua New Guinea,PNG,0.496521842,0.478428354,0.733141685,0.670128424,0.732961333,0.683475587,0.814742393,0.814648807,..,..,..,..
CO2 emissions (metric tons per capita),EN.ATM.CO2E.PC,Paraguay,PRY,0.513446243,0.695683708,0.744430376,0.820810138,0.845408397,0.828337607,0.840506114,0.870219291,..,..,..,..
CO2 emissions (metric tons per capita),EN.ATM.CO2E.PC,Peru,PER,0.965359974,1.169087226,1.782828044,1.96073385,1.667770946,1.82602434,1.869868254,1.993485949,..,..,..,..
CO2 emissions (metric tons per capita),EN.ATM.CO2E.PC,Philippines,PHL,0.67417677,0.939934892,0.841111599,0.905495625,0.897333685,0.941558643,0.99642457,1.055456846,..,..,..,..
CO2 emissions (metric tons per capita),EN.ATM.CO2E.PC,Poland,POL,9.66717214,7.822798329,7.800914342,8.313376825,8.328175875,7.879830064,7.946282506,7.517151585,..,..,..,..
CO2 emissions (metric tons per capita),EN.ATM.CO2E.PC,Portugal,PRT,4.239198924,6.096403385,5.126323978,4.552752646,4.510827218,4.37605313,4.344029312,4.331554028,..,..,..,..
CO2 emissions (metric tons per capita),EN.ATM.CO2E.PC,Puerto Rico,PRI,..,..,..,..,..,..,..,..,..,..,..,..
CO2 emissions (metric tons per capita),EN.ATM.CO2E.PC,Qatar,QAT,24.71373821,58.6393586,43.51447655,40.74201765,41.20564544,44.61792936,37.78008534,45.42323996,..,..,..,..
CO2 emissions (metric tons per capita),EN.ATM.CO2E.PC,Romania,ROU,7.503163349,4.040518655,4.005210952,3.922213561,4.212926221,4.074315455,3.550167079,3.516153691,..,..,..,..
CO2 emissions (metric tons per capita),EN.ATM.CO2E.PC,Russian Federation,RUS,..,10.62712053,11.02385623,11.69434812,12.334881,12.78497902,12.39355647,11.85752777,..,..,..,..
CO2 emissions (metric tons per capita),EN.ATM.CO2E.PC,Rwanda,RWA,0.075004305,0.06579461,0.057702041,0.057616483,0.063115492,0.068317457,0.072576777,0.074016446,..,..,..,..
CO2 emissions (metric tons per capita),EN.ATM.CO2E.PC,Samoa,WSM,0.63043238,0.819042437,1.011854393,1.004360785,1.074707591,1.046639957,1.038064134,1.029788341,..,..,..,..
CO2 emissions (metric tons per capita),EN.ATM.CO2E.PC,San Marino,SMR,..,..,..,..,..,..,..,..,..,..,..,..
CO2 emissions (metric tons per capita),EN.ATM.CO2E.PC,Sao Tome and Principe,STP,0.418559525,0.34393172,0.536698026,0.566490823,0.574250559,0.621562806,0.607752145,0.59433982,..,..,..,..
CO2 emissions (metric tons per capita),EN.ATM.CO2E.PC,Saudi Arabia,SAU,11.38024918,14.30027275,17.58961186,18.9053425,17.70230724,19.41950578,18.06835808,19.5292718,..,..,..,..
CO2 emissions (metric tons per capita),EN.ATM.CO2E.PC,Senegal,SEN,0.421270162,0.398455815,0.365212359,0.599610304,0.629136954,0.577471339,0.596523237,0.608809117,..,..,..,..
CO2 emissions (metric tons per capita),EN.ATM.CO2E.PC,Serbia,SRB,..,..,6.308347973,6.302577983,6.803677141,6.120600182,6.265110693,5.282521917,..,..,..,..
CO2 emissions (metric tons per capita),EN.ATM.CO2E.PC,Seychelles,SYC,2.163048326,7.050966955,6.006792825,4.942709146,3.900126943,4.983296151,4.484430066,5.418677963,..,..,..,..
CO2 emissions (metric tons per capita),EN.ATM.CO2E.PC,Sierra Leone,SLE,0.113099067,0.093195513,0.103438844,0.112416392,0.135882766,0.152292538,0.172170095,0.184925702,..,..,..,..
CO2 emissions (metric tons per capita),EN.ATM.CO2E.PC,Singapore,SGP,14.60237955,12.16662434,11.21442253,10.96040878,8.72379742,6.846758465,10.31198193,10.30633191,..,..,..,..
CO2 emissions (metric tons per capita),EN.ATM.CO2E.PC,Sint Maarten (Dutch part),SXM,..,..,..,..,..,20.11345266,19.53355916,19.46132413,..,..,..,..
CO2 emissions (metric tons per capita),EN.ATM.CO2E.PC,Slovak Republic,SVK,..,6.659329488,6.319073237,6.721959562,6.395396289,6.059022901,6.11280356,5.661581328,..,..,..,..
CO2 emissions (metric tons per capita),EN.ATM.CO2E.PC,Slovenia,SVN,..,7.23840366,7.491602314,7.485854369,7.350637628,7.185481044,6.869551393,6.213686845,..,..,..,..
CO2 emissions (metric tons per capita),EN.ATM.CO2E.PC,Solomon Islands,SLB,0.47036942,0.364381291,0.376591568,0.375183312,0.36696231,0.359033309,0.357906561,0.350449345,..,..,..,..
CO2 emissions (metric tons per capita),EN.ATM.CO2E.PC,Somalia,SOM,0.099143652,0.053307232,0.051052401,0.050807075,0.048776172,0.047691373,0.046352865,0.045046723,..,..,..,..
CO2 emissions (metric tons per capita),EN.ATM.CO2E.PC,South Africa,ZAF,8.341332103,8.280764795,9.870596936,9.190698716,9.004033387,8.845033039,8.673962823,8.980119297,..,..,..,..
CO2 emissions (metric tons per capita),EN.ATM.CO2E.PC,South Sudan,SSD,..,..,..,..,..,0.123043932,0.12958768,0.129749351,..,..,..,..
CO2 emissions (metric tons per capita),EN.ATM.CO2E.PC,Spain,ESP,5.624190007,7.257824346,6.216973378,5.816416366,5.788018458,5.660938803,5.084398353,5.033824487,..,..,..,..
CO2 emissions (metric tons per capita),EN.ATM.CO2E.PC,Sri Lanka,LKA,0.223239992,0.545112224,0.656312556,0.656664382,0.745132332,0.784926512,0.752460918,0.885247473,..,..,..,..
CO2 emissions (metric tons per capita),EN.ATM.CO2E.PC,St. Kitts and Nevis,KNA,2.604275849,3.79840878,4.395845616,4.276800467,4.442198977,4.18360556,4.207094359,4.2989449,..,..,..,..
CO2 emissions (metric tons per capita),EN.ATM.CO2E.PC,St. Lucia,LCA,1.167623114,2.102784981,2.251377016,2.33729285,2.341553914,2.3281208,2.31718661,2.307191321,..,..,..,..
CO2 emissions (metric tons per capita),EN.ATM.CO2E.PC,St. Martin (French part),MAF,..,..,..,..,..,..,..,..,..,..,..,..
CO2 emissions (metric tons per capita),EN.ATM.CO2E.PC,St. Vincent and the Grenadines,VCT,0.750420911,1.359432056,2.852965136,2.012715547,1.811013252,2.314347651,1.911992316,1.91134541,..,..,..,..
CO2 emissions (metric tons per capita),EN.ATM.CO2E.PC,Sudan,SDN,0.202623461,0.159133714,0.346451108,0.345245386,0.330142237,0.300706838,0.309687395,0.299732598,..,..,..,..
CO2 emissions (metric tons per capita),EN.ATM.CO2E.PC,Suriname,SUR,4.346706031,4.64982959,3.845772052,4.565427302,3.704326087,4.205862474,3.534930143,3.634019433,..,..,..,..
CO2 emissions (metric tons per capita),EN.ATM.CO2E.PC,Sweden,SWE,6.069368319,5.562430083,4.63141136,5.547348052,5.474957121,4.942300828,4.671420785,4.478182178,..,..,..,..
CO2 emissions (metric tons per capita),EN.ATM.CO2E.PC,Switzerland,CHE,6.345085168,5.435484985,5.377973641,4.983428945,4.672038363,4.723574287,4.972835876,4.311562994,..,..,..,..
CO2 emissions (metric tons per capita),EN.ATM.CO2E.PC,Syrian Arab Republic,SYR,3.001677865,3.11019717,2.993132594,2.930971337,2.727578225,2.190427547,1.839503237,1.598898459,..,..,..,..
CO2 emissions (metric tons per capita),EN.ATM.CO2E.PC,Tajikistan,TJK,..,0.359844954,0.328286153,0.33303078,0.300737249,0.366926485,0.425539775,0.620466725,..,..,..,..
CO2 emissions (metric tons per capita),EN.ATM.CO2E.PC,Tanzania,TZA,0.089011832,0.077571471,0.132511808,0.154161892,0.170126457,0.194470623,0.220730008,0.221347372,..,..,..,..
CO2 emissions (metric tons per capita),EN.ATM.CO2E.PC,Thailand,THA,1.604831986,2.879232989,4.001129215,4.19478194,4.12138946,4.371765415,4.403807563,4.621860032,..,..,..,..
CO2 emissions (metric tons per capita),EN.ATM.CO2E.PC,Timor-Leste,TLS,..,..,0.20819563,0.211508565,0.217131247,0.253604896,0.371540554,0.387014002,..,..,..,..
CO2 emissions (metric tons per capita),EN.ATM.CO2E.PC,Togo,TGO,0.204317206,0.273713591,0.439659634,0.40600638,0.368935463,0.362450984,0.377480424,0.362696892,..,..,..,..
CO2 emissions (metric tons per capita),EN.ATM.CO2E.PC,Tonga,TON,0.809296607,0.972064191,1.274197907,1.126823319,0.981822007,1.013263332,1.079266672,1.143965892,..,..,..,..
CO2 emissions (metric tons per capita),EN.ATM.CO2E.PC,Trinidad and Tobago,TTO,13.93393977,18.80084212,33.96978628,36.09293276,35.16208791,33.85500019,34.52003192,34.16324263,..,..,..,..
CO2 emissions (metric tons per capita),EN.ATM.CO2E.PC,Tunisia,TUN,1.611506515,2.054068084,2.355950493,2.59965793,2.417981861,2.480445624,2.511904245,2.587059584,..,..,..,..
CO2 emissions (metric tons per capita),EN.ATM.CO2E.PC,Turkey,TUR,2.705007348,3.417945943,3.894702792,4.120214807,4.370560958,4.419487888,4.285300843,4.491479026,..,..,..,..
CO2 emissions (metric tons per capita),EN.ATM.CO2E.PC,Turkmenistan,TKM,..,8.312221014,10.05213231,11.26148537,12.07317521,12.31489744,12.43613272,12.51729534,..,..,..,..
CO2 emissions (metric tons per capita),EN.ATM.CO2E.PC,Turks and Caicos Islands,TCA,2.539473684,3.691675939,5.940915854,6.15228754,6.009391447,6.105824674,5.980971366,6.086487448,..,..,..,..
CO2 emissions (metric tons per capita),EN.ATM.CO2E.PC,Tuvalu,TUV,0.81461735,0.778556263,1.053634709,0.696420093,0.690063982,1.025734266,1.016822257,1.008525853,..,..,..,..
CO2 emissions (metric tons per capita),EN.ATM.CO2E.PC,Uganda,UGA,0.043527327,0.059491397,0.103166875,0.1155833,0.121524015,0.112110416,0.129674909,0.134656001,..,..,..,..
CO2 emissions (metric tons per capita),EN.ATM.CO2E.PC,Ukraine,UKR,..,6.525618775,5.647810472,6.641349685,6.265962311,6.487602806,5.976641848,5.020747064,..,..,..,..
CO2 emissions (metric tons per capita),EN.ATM.CO2E.PC,United Arab Emirates,ARE,27.95924521,35.67825923,21.90855608,19.44369027,19.07648878,19.81768422,18.95416379,23.30202251,..,..,..,..
CO2 emissions (metric tons per capita),EN.ATM.CO2E.PC,United Kingdom,GBR,9.710881678,9.199549233,7.574622131,7.857836486,7.079297626,7.355898277,7.145844359,6.49744049,..,..,..,..
CO2 emissions (metric tons per capita),EN.ATM.CO2E.PC,United States,USA,19.32275118,20.17875051,17.15773779,17.44286171,16.97695728,16.3104711,16.32347679,16.50283724,..,..,..,..
CO2 emissions (metric tons per capita),EN.ATM.CO2E.PC,Uruguay,URY,1.284044091,1.597638536,2.396863881,1.893043387,2.292941862,2.559619604,2.226235877,1.973150822,..,..,..,..
CO2 emissions (metric tons per capita),EN.ATM.CO2E.PC,Uzbekistan,UZB,..,4.942262235,3.858171993,3.647048882,3.874800916,3.889733195,3.417442433,3.420722746,..,..,..,..
CO2 emissions (metric tons per capita),EN.ATM.CO2E.PC,Vanuatu,VUT,0.450141168,0.455742099,0.52434517,0.512118327,0.545795073,0.459328848,0.42009228,0.594993239,..,..,..,..
CO2 emissions (metric tons per capita),EN.ATM.CO2E.PC,"Venezuela, RB",VEN,6.150574395,6.224289682,6.289128331,6.513376914,6.00145924,6.649233468,6.066461313,6.025697582,..,..,..,..
CO2 emissions (metric tons per capita),EN.ATM.CO2E.PC,Vietnam,VNM,0.313855299,0.668171732,1.469012678,1.613359582,1.701422283,1.572337982,1.609111593,1.80356575,..,..,..,..
CO2 emissions (metric tons per capita),EN.ATM.CO2E.PC,Virgin Islands (U.S.),VIR,..,..,..,..,..,..,..,..,..,..,..,..
CO2 emissions (metric tons per capita),EN.ATM.CO2E.PC,West Bank and Gaza,PSE,..,0.271057676,0.564577775,0.534014834,0.572406877,0.543675272,0.584854657,..,..,..,..,..
CO2 emissions (metric tons per capita),EN.ATM.CO2E.PC,"Yemen, Rep.",YEM,0.795928337,0.819163987,1.069059495,0.992601744,0.810900295,0.749446818,0.99688497,0.864834535,..,..,..,..
CO2 emissions (metric tons per capita),EN.ATM.CO2E.PC,Zambia,ZMB,0.304698133,0.173056761,0.186396423,0.194337299,0.205910778,0.249456851,0.26111253,0.288271141,..,..,..,..
CO2 emissions (metric tons per capita),EN.ATM.CO2E.PC,Zimbabwe,ZWE,1.536212158,1.139200872,0.405715639,0.552146242,0.66475077,0.529703431,0.775563675,0.779955845,..,..,..,..
CO2 emissions (metric tons per capita),EN.ATM.CO2E.PC,Arab World,ARB,2.989008072,3.684441272,4.542151451,4.615758201,4.537755236,4.813630727,4.650474168,4.860233832,..,..,..,..
CO2 emissions (metric tons per capita),EN.ATM.CO2E.PC,Caribbean small states,CSS,5.246910878,6.506692171,8.915001641,9.27710945,9.143734221,8.886377531,9.138025489,8.884541385,..,..,..,..
CO2 emissions (metric tons per capita),EN.ATM.CO2E.PC,Central Europe and the Baltics,CEB,9.014576307,6.603843282,6.515508665,6.828033565,6.864349465,6.504366995,6.344838262,6.14888254,..,..,..,..
CO2 emissions (metric tons per capita),EN.ATM.CO2E.PC,Early-demographic dividend,EAR,1.403256019,1.712111905,2.128522377,2.119826541,2.201370084,2.295942682,2.210865063,2.295302152,..,..,..,..
CO2 emissions (metric tons per capita),EN.ATM.CO2E.PC,East Asia & Pacific,EAS,2.582343448,3.198372648,5.305318267,5.701782638,6.190022864,6.307117957,6.330498005,6.293604976,..,..,..,..
CO2 emissions (metric tons per capita),EN.ATM.CO2E.PC,East Asia & Pacific (excluding high income),EAP,1.785121568,2.311330946,4.726377843,5.106044509,5.641636355,5.773224485,5.790459749,5.775478345,..,..,..,..
CO2 emissions (metric tons per capita),EN.ATM.CO2E.PC,East Asia & Pacific (IDA & IBRD countries),TEA,1.781513189,2.302168263,4.749791487,5.136588056,5.688487869,5.821253522,5.845317569,5.827867179,..,..,..,..
CO2 emissions (metric tons per capita),EN.ATM.CO2E.PC,Euro area,EMU,..,8.207013725,7.284917549,7.425634257,7.16146999,6.997097054,6.844462028,6.474920548,..,..,..,..
CO2 emissions (metric tons per capita),EN.ATM.CO2E.PC,Europe & Central Asia,ECS,..,7.606872486,7.218975753,7.542938641,7.500065132,7.473206993,7.289242461,6.916049326,..,..,..,..
CO2 emissions (metric tons per capita),EN.ATM.CO2E.PC,Europe & Central Asia (excluding high income),ECA,..,6.865176238,7.085747543,7.555768031,7.883872362,7.999170481,7.733275947,7.421328159,..,..,..,..
CO2 emissions (metric tons per capita),EN.ATM.CO2E.PC,Europe & Central Asia (IDA & IBRD countries),TEC,..,6.923044305,7.125775793,7.592355112,7.889579095,7.95164336,7.716044877,7.39596064,..,..,..,..
CO2 emissions (metric tons per capita),EN.ATM.CO2E.PC,European Union,EUU,8.579003602,8.012731657,7.157409612,7.356304954,7.07946092,6.917802512,6.75382527,6.379148848,..,..,..,..
CO2 emissions (metric tons per capita),EN.ATM.CO2E.PC,Fragile and conflict affected situations,FCS,0.741506442,0.765812137,0.820861629,0.842662477,0.825987786,0.841904675,0.880020574,0.886959024,..,..,..,..
CO2 emissions (metric tons per capita),EN.ATM.CO2E.PC,Heavily indebted poor countries (HIPC),HPC,0.169466571,0.162257814,0.20326954,0.221203409,0.232659952,0.240601121,0.254597359,0.26534215,..,..,..,..
CO2 emissions (metric tons per capita),EN.ATM.CO2E.PC,High income,HIC,11.14530897,11.93456937,10.96132724,11.27029811,11.02956715,10.85743975,10.77435126,10.71269229,..,..,..,..
CO2 emissions (metric tons per capita),EN.ATM.CO2E.PC,IBRD only,IBD,2.594813408,2.636960408,3.91315477,4.12173559,4.409296426,4.522700296,4.500928552,4.508560979,..,..,..,..
CO2 emissions (metric tons per capita),EN.ATM.CO2E.PC,IDA & IBRD total,IBT,2.184628676,2.178481754,3.11607541,3.271260644,3.484817554,3.560119294,3.535432676,3.529660952,..,..,..,..
CO2 emissions (metric tons per capita),EN.ATM.CO2E.PC,IDA blend,IDB,0.935139054,0.963794692,0.890379578,0.907667614,0.939870757,0.937521858,0.930803298,0.880445467,..,..,..,..
CO2 emissions (metric tons per capita),EN.ATM.CO2E.PC,IDA only,IDX,0.25778959,0.256610247,0.315627497,0.332242203,0.335718672,0.325675765,0.336241561,0.348440393,..,..,..,..
CO2 emissions (metric tons per capita),EN.ATM.CO2E.PC,IDA total,IDA,0.490587432,0.494096652,0.506682532,0.523641434,0.536908204,0.529591478,0.534503758,0.525891424,..,..,..,..
CO2 emissions (metric tons per capita),EN.ATM.CO2E.PC,Late-demographic dividend,LTE,3.369666133,3.40141701,5.628399421,6.076883391,6.553544469,6.703792068,6.770471226,6.744762333,..,..,..,..
CO2 emissions (metric tons per capita),EN.ATM.CO2E.PC,Latin America & Caribbean,LCN,2.275302602,2.585980376,2.792732554,2.90513625,2.930914491,3.02585131,3.036040096,3.063307099,..,..,..,..
CO2 emissions (metric tons per capita),EN.ATM.CO2E.PC,Latin America & Caribbean (excluding high income),LAC,2.122830336,2.380762057,2.51889322,2.622306065,2.634371722,2.745712339,2.763729253,2.781101756,..,..,..,..
CO2 emissions (metric tons per capita),EN.ATM.CO2E.PC,Latin America & the Caribbean (IDA & IBRD countries),TLA,2.230963695,2.565223005,2.765484547,2.864983989,2.894576438,2.992217172,3.005565912,3.032804906,..,..,..,..
CO2 emissions (metric tons per capita),EN.ATM.CO2E.PC,Least developed countries: UN classification,LDC,0.150132952,0.166976484,0.251513588,0.269364192,0.278625092,0.278405674,0.294525992,0.314163047,..,..,..,..
CO2 emissions (metric tons per capita),EN.ATM.CO2E.PC,Low & middle income,LMY,2.102650647,2.11537439,3.061271907,3.214217774,3.425672987,3.505953024,3.479149777,3.476109882,..,..,..,..
CO2 emissions (metric tons per capita),EN.ATM.CO2E.PC,Low income,LIC,0.440647054,0.407045869,0.387771546,0.387171698,0.352098092,0.325237326,0.315277065,0.320595161,..,..,..,..
CO2 emissions (metric tons per capita),EN.ATM.CO2E.PC,Lower middle income,LMC,0.971687795,1.051431106,1.335068094,1.338130533,1.443321829,1.511185754,1.439193365,1.474025508,..,..,..,..
CO2 emissions (metric tons per capita),EN.ATM.CO2E.PC,Middle East & North Africa,MEA,3.569396607,4.644901115,5.744609287,5.847629161,5.793991934,6.099270394,5.92162696,6.159356049,..,..,..,..
CO2 emissions (metric tons per capita),EN.ATM.CO2E.PC,Middle East & North Africa (excluding high income),MNA,2.417082947,3.105059766,3.807163846,3.818795951,3.822477607,3.926381879,3.914188367,3.927253364,..,..,..,..
CO2 emissions (metric tons per capita),EN.ATM.CO2E.PC,Middle East & North Africa (IDA & IBRD countries),TMN,2.436891234,3.13484538,3.844012373,3.856528774,3.86025027,3.966159669,3.953796939,3.967544488,..,..,..,..
CO2 emissions (metric tons per capita),EN.ATM.CO2E.PC,Middle income,MIC,2.252773698,2.290406106,3.375489888,3.551473666,3.797528431,3.896148298,3.872690404,3.874128243,..,..,..,..
CO2 emissions (metric tons per capita),EN.ATM.CO2E.PC,North America,NAC,18.95348572,19.90001075,17.03768107,17.27103142,16.84234115,16.16730584,16.16049659,16.36232406,..,..,..,..
CO2 emissions (metric tons per capita),EN.ATM.CO2E.PC,Not classified,INX,..,..,..,..,..,..,..,..,..,..,..,..
CO2 emissions (metric tons per capita),EN.ATM.CO2E.PC,OECD members,OED,10.54515987,11.05324022,9.916181257,10.15804125,9.964278019,9.754415001,9.681807397,9.523556491,..,..,..,..
CO2 emissions (metric tons per capita),EN.ATM.CO2E.PC,Other small states,OSS,4.059143282,5.026929081,6.310198594,6.564310308,6.78463419,7.007403494,6.68853493,7.519311831,..,..,..,..
CO2 emissions (metric tons per capita),EN.ATM.CO2E.PC,Pacific island small states,PSS,1.030430429,0.96145485,0.9281475,1.096408647,1.030073173,1.004216091,1.039494445,1.064149686,..,..,..,..
CO2 emissions (metric tons per capita),EN.ATM.CO2E.PC,Post-demographic dividend,PST,11.63490891,12.01334892,10.77538669,11.08958971,10.83341768,10.59881387,10.54176265,10.35677267,..,..,..,..
CO2 emissions (metric tons per capita),EN.ATM.CO2E.PC,Pre-demographic dividend,PRE,0.334551205,0.389169394,0.431235884,0.466651105,0.504192971,0.523535454,0.535839629,0.536757223,..,..,..,..
CO2 emissions (metric tons per capita),EN.ATM.CO2E.PC,Small states,SST,4.197963439,5.086231939,6.495612725,6.760790365,6.889462975,7.000805122,6.809865439,7.384025519,..,..,..,..
CO2 emissions (metric tons per capita),EN.ATM.CO2E.PC,South Asia,SAS,0.627198431,0.851780145,1.229591391,1.207519099,1.270878874,1.362315313,1.35522147,1.461467463,..,..,..,..
CO2 emissions (metric tons per capita),EN.ATM.CO2E.PC,South Asia (IDA & IBRD),TSA,0.627198431,0.851780145,1.229591391,1.207519099,1.270878874,1.362315313,1.35522147,1.461467463,..,..,..,..
CO2 emissions (metric tons per capita),EN.ATM.CO2E.PC,Sub-Saharan Africa,SSF,0.856793974,0.84176086,0.871235104,0.850715337,0.840118001,0.827960049,0.82300949,0.840453498,..,..,..,..
CO2 emissions (metric tons per capita),EN.ATM.CO2E.PC,Sub-Saharan Africa (excluding high income),SSA,0.856620723,0.841008012,0.870710978,0.850298545,0.839824281,0.827566132,0.822666074,0.840028002,..,..,..,..
CO2 emissions (metric tons per capita),EN.ATM.CO2E.PC,Sub-Saharan Africa (IDA & IBRD countries),TSS,0.856793974,0.84176086,0.871235104,0.850715337,0.840118001,0.827960049,0.82300949,0.840453498,..,..,..,..
CO2 emissions (metric tons per capita),EN.ATM.CO2E.PC,Upper middle income,UMC,3.44517076,3.539215237,5.599057635,5.982705529,6.403580886,6.555613877,6.605490361,6.588135175,..,..,..,..
CO2 emissions (metric tons per capita),EN.ATM.CO2E.PC,World,WLD,4.188507388,4.033395051,4.656246053,4.828259915,4.967716837,4.996384374,4.987930702,4.970155157,..,..,..,..
,,,,,,,,,,,,,,,
,,,,,,,,,,,,,,,
,,,,,,,,,,,,,,,
Data from database: World Development Indicators,,,,,,,,,,,,,,,
Last Updated: 04/24/2019,,,,,,,,,,,,,,,